id,label
T1_TEST_0001,NM
T1_TEST_0002,NM
T1_TEST_0003,M
T1_TEST_0004,NM
T1_TEST_0005,M
T1_TEST_0006,NM
T1_TEST_0007,NM
T1_TEST_0008,M
T1_TEST_0009,M
T1_TEST_0010,NM
T1_TEST_0011,M
T1_TEST_0012,NM
T1_TEST_0013,M
T1_TEST_0014,NM
T1_TEST_0015,NM
T1_TEST_0016,M
T1_TEST_0017,M
T1_TEST_0018,NM
T1_TEST_0019,M
T1_TEST_0020,M
T1_TEST_0021,NM
T1_TEST_0022,NM
T1_TEST_0023,NM
T1_TEST_0024,NM
T1_TEST_0025,NM
T1_TEST_0026,M
T1_TEST_0027,NM
T1_TEST_0028,NM
T1_TEST_0029,NM
T1_TEST_0030,NM
T1_TEST_0031,NM
T1_TEST_0032,M
T1_TEST_0033,NM
T1_TEST_0034,NM
T1_TEST_0035,NM
T1_TEST_0036,M
T1_TEST_0037,NM
T1_TEST_0038,M
T1_TEST_0039,M
T1_TEST_0040,NM
T1_TEST_0041,NM
T1_TEST_0042,M
T1_TEST_0043,NM
T1_TEST_0044,M
T1_TEST_0045,M
T1_TEST_0046,NM
T1_TEST_0047,M
T1_TEST_0048,NM
T1_TEST_0049,NM
T1_TEST_0050,M
T1_TEST_0051,NM
T1_TEST_0052,M
T1_TEST_0053,NM
T1_TEST_0054,NM
T1_TEST_0055,NM
T1_TEST_0056,NM
T1_TEST_0057,M
T1_TEST_0058,NM
T1_TEST_0059,M
T1_TEST_0060,NM
T1_TEST_0061,NM
T1_TEST_0062,M
T1_TEST_0063,NM
T1_TEST_0064,NM
T1_TEST_0065,M
T1_TEST_0066,NM
T1_TEST_0067,NM
T1_TEST_0068,NM
T1_TEST_0069,NM
T1_TEST_0070,NM
T1_TEST_0071,M
T1_TEST_0072,M
T1_TEST_0073,NM
T1_TEST_0074,NM
T1_TEST_0075,NM
T1_TEST_0076,NM
T1_TEST_0077,NM
T1_TEST_0078,M
T1_TEST_0079,NM
T1_TEST_0080,NM
T1_TEST_0081,NM
T1_TEST_0082,NM
T1_TEST_0083,NM
T1_TEST_0084,NM
T1_TEST_0085,NM
T1_TEST_0086,M
T1_TEST_0087,M
T1_TEST_0088,NM
T1_TEST_0089,NM
T1_TEST_0090,M
T1_TEST_0091,NM
T1_TEST_0092,M
T1_TEST_0093,NM
T1_TEST_0094,M
T1_TEST_0095,M
T1_TEST_0096,NM
T1_TEST_0097,M
T1_TEST_0098,NM
T1_TEST_0099,NM
T1_TEST_0100,NM
T1_TEST_0101,NM
T1_TEST_0102,NM
T1_TEST_0103,NM
T1_TEST_0104,M
T1_TEST_0105,M
T1_TEST_0106,NM
T1_TEST_0107,M
T1_TEST_0108,NM
T1_TEST_0109,NM
T1_TEST_0110,NM
T1_TEST_0111,NM
T1_TEST_0112,NM
T1_TEST_0113,NM
T1_TEST_0114,NM
T1_TEST_0115,NM
T1_TEST_0116,NM
T1_TEST_0117,M
T1_TEST_0118,NM
T1_TEST_0119,NM
T1_TEST_0120,NM
T1_TEST_0121,NM
T1_TEST_0122,NM
T1_TEST_0123,M
T1_TEST_0124,NM
T1_TEST_0125,NM
T1_TEST_0126,NM
T1_TEST_0127,NM
T1_TEST_0128,M
T1_TEST_0129,NM
T1_TEST_0130,NM
T1_TEST_0131,NM
T1_TEST_0132,M
T1_TEST_0133,NM
T1_TEST_0134,NM
T1_TEST_0135,NM
T1_TEST_0136,NM
T1_TEST_0137,NM
T1_TEST_0138,NM
T1_TEST_0139,NM
T1_TEST_0140,M
T1_TEST_0141,M
T1_TEST_0142,M
T1_TEST_0143,NM
T1_TEST_0144,NM
T1_TEST_0145,NM
T1_TEST_0146,NM
T1_TEST_0147,NM
T1_TEST_0148,NM
T1_TEST_0149,M
T1_TEST_0150,NM
T1_TEST_0151,NM
T1_TEST_0152,NM
T1_TEST_0153,M
T1_TEST_0154,M
T1_TEST_0155,M
T1_TEST_0156,M
T1_TEST_0157,NM
T1_TEST_0158,NM
T1_TEST_0159,M
T1_TEST_0160,NM
T1_TEST_0161,NM
T1_TEST_0162,NM
T1_TEST_0163,M
T1_TEST_0164,M
T1_TEST_0165,NM
T1_TEST_0166,M
T1_TEST_0167,NM
T1_TEST_0168,NM
T1_TEST_0169,NM
T1_TEST_0170,M
T1_TEST_0171,NM
T1_TEST_0172,NM
T1_TEST_0173,NM
T1_TEST_0174,NM
T1_TEST_0175,M
T1_TEST_0176,M
T1_TEST_0177,NM
T1_TEST_0178,M
T1_TEST_0179,NM
T1_TEST_0180,NM
T1_TEST_0181,M
T1_TEST_0182,NM
T1_TEST_0183,NM
T1_TEST_0184,NM
T1_TEST_0185,M
T1_TEST_0186,M
T1_TEST_0187,NM
T1_TEST_0188,M
T1_TEST_0189,NM
T1_TEST_0190,NM
T1_TEST_0191,NM
T1_TEST_0192,NM
T1_TEST_0193,NM
T1_TEST_0194,NM
T1_TEST_0195,M
T1_TEST_0196,M
T1_TEST_0197,M
T1_TEST_0198,NM
T1_TEST_0199,NM
T1_TEST_0200,M
T1_TEST_0201,NM
T1_TEST_0202,M
T1_TEST_0203,NM
T1_TEST_0204,NM
T1_TEST_0205,NM
T1_TEST_0206,NM
T1_TEST_0207,NM
T1_TEST_0208,NM
T1_TEST_0209,NM
T1_TEST_0210,M
T1_TEST_0211,M
T1_TEST_0212,M
T1_TEST_0213,NM
T1_TEST_0214,NM
T1_TEST_0215,NM
T1_TEST_0216,NM
T1_TEST_0217,NM
T1_TEST_0218,NM
T1_TEST_0219,NM
T1_TEST_0220,M
T1_TEST_0221,M
T1_TEST_0222,NM
T1_TEST_0223,M
T1_TEST_0224,M
T1_TEST_0225,M
T1_TEST_0226,NM
T1_TEST_0227,NM
T1_TEST_0228,NM
T1_TEST_0229,NM
T1_TEST_0230,NM
T1_TEST_0231,M
T1_TEST_0232,NM
T1_TEST_0233,M
T1_TEST_0234,NM
T1_TEST_0235,M
T1_TEST_0236,M
T1_TEST_0237,NM
T1_TEST_0238,NM
T1_TEST_0239,NM
T1_TEST_0240,M
T1_TEST_0241,NM
T1_TEST_0242,NM
T1_TEST_0243,NM
T1_TEST_0244,NM
T1_TEST_0245,NM
T1_TEST_0246,NM
T1_TEST_0247,NM
T1_TEST_0248,NM
T1_TEST_0249,NM
T1_TEST_0250,NM
T1_TEST_0251,NM
T1_TEST_0252,NM
T1_TEST_0253,NM
T1_TEST_0254,M
T1_TEST_0255,NM
T1_TEST_0256,M
T1_TEST_0257,NM
T1_TEST_0258,NM
T1_TEST_0259,M
T1_TEST_0260,M
T1_TEST_0261,NM
T1_TEST_0262,NM
T1_TEST_0263,NM
T1_TEST_0264,M
T1_TEST_0265,NM
T1_TEST_0266,NM
T1_TEST_0267,NM
T1_TEST_0268,NM
T1_TEST_0269,NM
T1_TEST_0270,M
T1_TEST_0271,NM
T1_TEST_0272,M
T1_TEST_0273,NM
T1_TEST_0274,NM
T1_TEST_0275,M
T1_TEST_0276,NM
T1_TEST_0277,M
T1_TEST_0278,M
T1_TEST_0279,NM
T1_TEST_0280,NM
T1_TEST_0281,NM
T1_TEST_0282,NM
T1_TEST_0283,NM
T1_TEST_0284,M
T1_TEST_0285,NM
T1_TEST_0286,NM
T1_TEST_0287,NM
T1_TEST_0288,NM
T1_TEST_0289,NM
T1_TEST_0290,NM
T1_TEST_0291,NM
T1_TEST_0292,NM
T1_TEST_0293,NM
T1_TEST_0294,NM
T1_TEST_0295,NM
T1_TEST_0296,NM
T1_TEST_0297,NM
T1_TEST_0298,NM
T1_TEST_0299,M
T1_TEST_0300,NM
T1_TEST_0301,M
T1_TEST_0302,NM
T1_TEST_0303,NM
T1_TEST_0304,NM
T1_TEST_0305,NM
T1_TEST_0306,NM
T1_TEST_0307,NM
T1_TEST_0308,NM
T1_TEST_0309,NM
T1_TEST_0310,M
T1_TEST_0311,M
T1_TEST_0312,NM
T1_TEST_0313,NM
T1_TEST_0314,NM
T1_TEST_0315,NM
T1_TEST_0316,NM
T1_TEST_0317,M
T1_TEST_0318,NM
T1_TEST_0319,NM
T1_TEST_0320,NM
T1_TEST_0321,NM
T1_TEST_0322,NM
T1_TEST_0323,M
T1_TEST_0324,NM
T1_TEST_0325,NM
T1_TEST_0326,NM
T1_TEST_0327,M
T1_TEST_0328,M
T1_TEST_0329,NM
T1_TEST_0330,NM
T1_TEST_0331,NM
T1_TEST_0332,NM
T1_TEST_0333,M
T1_TEST_0334,NM
T1_TEST_0335,NM
T1_TEST_0336,NM
T1_TEST_0337,M
T1_TEST_0338,NM
T1_TEST_0339,NM
T1_TEST_0340,NM
T1_TEST_0341,M
T1_TEST_0342,M
T1_TEST_0343,M
T1_TEST_0344,M
T1_TEST_0345,NM
T1_TEST_0346,M
T1_TEST_0347,NM
T1_TEST_0348,NM
T1_TEST_0349,NM
T1_TEST_0350,M
T1_TEST_0351,M
T1_TEST_0352,M
T1_TEST_0353,M
T1_TEST_0354,NM
T1_TEST_0355,M
T1_TEST_0356,NM
T1_TEST_0357,NM
T1_TEST_0358,NM
T1_TEST_0359,NM
T1_TEST_0360,M
T1_TEST_0361,NM
T1_TEST_0362,NM
T1_TEST_0363,NM
T1_TEST_0364,NM
T1_TEST_0365,M
T1_TEST_0366,M
T1_TEST_0367,NM
T1_TEST_0368,NM
T1_TEST_0369,NM
T1_TEST_0370,NM
T1_TEST_0371,NM
T1_TEST_0372,NM
T1_TEST_0373,NM
T1_TEST_0374,M
T1_TEST_0375,NM
T1_TEST_0376,NM
T1_TEST_0377,M
T1_TEST_0378,NM
T1_TEST_0379,NM
T1_TEST_0380,NM
T1_TEST_0381,NM
T1_TEST_0382,NM
T1_TEST_0383,M
T1_TEST_0384,NM
T1_TEST_0385,NM
T1_TEST_0386,M
T1_TEST_0387,M
T1_TEST_0388,M
T1_TEST_0389,NM
T1_TEST_0390,NM
T1_TEST_0391,NM
T1_TEST_0392,NM
T1_TEST_0393,NM
T1_TEST_0394,NM
T1_TEST_0395,NM
T1_TEST_0396,NM
T1_TEST_0397,M
T1_TEST_0398,NM
T1_TEST_0399,M
T1_TEST_0400,NM
T1_TEST_0401,NM
T1_TEST_0402,NM
T1_TEST_0403,NM
T1_TEST_0404,M
T1_TEST_0405,NM
T1_TEST_0406,NM
T1_TEST_0407,M
T1_TEST_0408,NM
T1_TEST_0409,NM
T1_TEST_0410,M
T1_TEST_0411,NM
T1_TEST_0412,NM
T1_TEST_0413,M
T1_TEST_0414,M
T1_TEST_0415,NM
T1_TEST_0416,M
T1_TEST_0417,NM
T1_TEST_0418,NM
T1_TEST_0419,NM
T1_TEST_0420,NM
T1_TEST_0421,M
T1_TEST_0422,NM
T1_TEST_0423,NM
T1_TEST_0424,NM
T1_TEST_0425,NM
T1_TEST_0426,NM
T1_TEST_0427,M
T1_TEST_0428,M
T1_TEST_0429,NM
T1_TEST_0430,NM
T1_TEST_0431,NM
T1_TEST_0432,NM
T1_TEST_0433,NM
T1_TEST_0434,NM
T1_TEST_0435,NM
T1_TEST_0436,NM
T1_TEST_0437,NM
T1_TEST_0438,NM
T1_TEST_0439,NM
T1_TEST_0440,M
T1_TEST_0441,NM
T1_TEST_0442,NM
T1_TEST_0443,M
T1_TEST_0444,M
T1_TEST_0445,NM
T1_TEST_0446,M
T1_TEST_0447,NM
T1_TEST_0448,NM
T1_TEST_0449,NM
T1_TEST_0450,NM
T1_TEST_0451,M
T1_TEST_0452,NM
T1_TEST_0453,M
T1_TEST_0454,NM
T1_TEST_0455,NM
T1_TEST_0456,NM
T1_TEST_0457,NM
T1_TEST_0458,NM
T1_TEST_0459,NM
T1_TEST_0460,M
T1_TEST_0461,NM
T1_TEST_0462,NM
T1_TEST_0463,M
T1_TEST_0464,NM
T1_TEST_0465,NM
T1_TEST_0466,NM
T1_TEST_0467,M
T1_TEST_0468,NM
T1_TEST_0469,M
T1_TEST_0470,NM
T1_TEST_0471,NM
T1_TEST_0472,NM
T1_TEST_0473,NM
T1_TEST_0474,M
T1_TEST_0475,M
T1_TEST_0476,NM
T1_TEST_0477,NM
T1_TEST_0478,M
T1_TEST_0479,NM
T1_TEST_0480,M
T1_TEST_0481,NM
T1_TEST_0482,NM
T1_TEST_0483,NM
T1_TEST_0484,NM
T1_TEST_0485,NM
T1_TEST_0486,NM
T1_TEST_0487,NM
T1_TEST_0488,NM
T1_TEST_0489,NM
T1_TEST_0490,NM
T1_TEST_0491,M
T1_TEST_0492,M
T1_TEST_0493,NM
T1_TEST_0494,M
T1_TEST_0495,NM
T1_TEST_0496,NM
T1_TEST_0497,NM
T1_TEST_0498,M
T1_TEST_0499,NM
T1_TEST_0500,M
T1_TEST_0501,M
T1_TEST_0502,NM
T1_TEST_0503,NM
T1_TEST_0504,NM
T1_TEST_0505,NM
T1_TEST_0506,NM
T1_TEST_0507,NM
T1_TEST_0508,NM
T1_TEST_0509,NM
T1_TEST_0510,NM
T1_TEST_0511,M
T1_TEST_0512,M
T1_TEST_0513,NM
T1_TEST_0514,M
T1_TEST_0515,NM
T1_TEST_0516,M
T1_TEST_0517,NM
T1_TEST_0518,NM
T1_TEST_0519,NM
T1_TEST_0520,NM
T1_TEST_0521,M
T1_TEST_0522,M
T1_TEST_0523,M
T1_TEST_0524,M
T1_TEST_0525,NM
T1_TEST_0526,NM
T1_TEST_0527,M
